{
  "project_info": {
    "project_number": "718796187653",
    "firebase_url": "https://petdatabase-c0f2c-default-rtdb.firebaseio.com",
    "project_id": "petdatabase-c0f2c",
    "storage_bucket": "petdatabase-c0f2c.appspot.com"
  },
  "client": [
    {
      "client_info": {
        "mobilesdk_app_id": "1:718796187653:android:3f43b53767d17597c2946c",
        "android_client_info": {
          "package_name": "com.example.admin"
        }
      },
      "oauth_client": [
        {
          "client_id": "718796187653-r0ugi5tohtr6a97pk5tp3mtmtb7s3op3.apps.googleusercontent.com",
          "client_type": 3
        }
      ],
      "api_key": [
        {
          "current_key": "AIzaSyAGNaP1jj784R5p9LS-fh80IPE0XGRo6VI"
        }
      ],
      "services": {
        "appinvite_service": {
          "other_platform_oauth_client": [
            {
              "client_id": "718796187653-r0ugi5tohtr6a97pk5tp3mtmtb7s3op3.apps.googleusercontent.com",
              "client_type": 3
            }
          ]
        }
      }
    }
  ],
  "configuration_version": "1"
}